{
  "station":["高桥西","高桥","梁祝","芦港","徐家漕长乐","望春桥","泽民","大卿桥","西门口","鼓楼","东门口","江厦桥东","舟孟北路","樱花公园","福明路","世纪大道","海晏北路","福庆北路","盛莫路","东环南路","栎社国际机场","栎社","鄞州大道","石碶","轻纺城","藕池","客运中心","丽园南路","云霞路","宁波火车站","城隍庙","鼓楼","外滩大桥","正大路","倪家堰","压赛堰","大通桥","孔浦","路林","三官堂","宁波大学","清水浦"],
  "data4":[36.01492537,419.6828358,105.9664179,740.5522388,280.1977612,452.6791045,662.619403,1120.320896,636.4626866,1595.126866,2491.914179,710.6977612,700.9626866,657.1567164,1544.664179,387.4813433,550.8208955,289.4328358,457.8208955,430.4291045,249.4589552,145.9179104,177.6231343,360.0559701,272.3470149,299.3283582,275.3022388,222.130597,450.9925373,1533.578358,1098.794776,861.75,991.4552239,234.2985075,312.2313433,32.03358209,65.45522388,400.0932836,504.9925373,131.3432836,1168.402985,515.2276119],
  "data3":[34.29104478,422.1231343,123.5074627,768.3880597,307.2686567,559.0037313,765.1641791,1133.701493,614.511194,1526.858209,2389.149254,669.5074627,673.0335821,652.9402985,1555.537313,439.3507463,546.2313433,300.2873134,483.75,442.8395522,233.2761194,138.1902985,207.1865672,393.8320896,250.3097015,321.6044776,308.3470149,257.4626866,453.8171642,1555.19403,905.7014925,798.2985075,906,212.4850746,336.4589552,27.20149254,59.46641791,368.8843284,514.2350746,149.7425373,1195.656716,509.8731343],
  "data1":[122.7276119,1368.533582,253.6529851,1330.716418,876.2238806,1391.858209,1979.597015,2682.007463,1787.044776,3686.55597,6299.063433,1794.298507,1777.526119,1798.13806,4036.149254,1092.108209,1291.708955,920.261194,1196.623134,1480.873134,0.667910448,0.134328358,0.089552239,0.179104478,0.276119403,0.063432836,0.149253731,0.138059701,0.182835821,0.667910448,0.548507463,2.626865672,0.313432836,0.089552239,0.067164179,0.03358209,0.02238806,0.194029851,0.25,0.164179104,0.373134328,0.235074627],
  "data2":[113.8992537,1359.085821,274.869403,1370.365672,944.5597015,1687.518657,2251.447761,2775.973881,1707.253731,3227.738806,6149.085821,1613.11194,1668.735075,1738.593284,4007.817164,1253.529851,1206.395522,999.0037313,1258.884328,1525.343284,0.757462687,0.055970149,0.070895522,0.27238806,0.246268657,0.03358209,0.126865672,0.089552239,0.231343284,0.585820896,0.369402985,2.958955224,0.22761194,0.108208955,0.104477612,0.01119403,0.03358209,0.212686567,0.309701493,0.115671642,0.574626866,0.246268657]
}